model,DIC,WAIC,elevated_districts,locked_DIC,locked_WAIC,locked_elevated_districts,delta_DIC,delta_WAIC,status
M1,2500.1042000867506,2500.1659423135675,NA,2500.1051338422803,2500.170913086771,NA,-9.3375552978614e-4,-0.004970773203694989,PASS
M2,2495.299535588445,2495.937122097142,0,2495.2995307810347,2495.937115487782,0,4.8074102778628e-6,6.60935984342359e-6,PASS
M3,2496.399685982576,2496.896270469156,0,2496.3996186893132,2496.896229318595,0,6.729326287313597e-5,4.115056117370841e-5,PASS
M4,2494.1150513520265,2495.613625112619,0,2494.131580047527,2495.6171855082744,0,-0.016528695500710455,-0.0035603956553131866,PASS
M5,2475.896986349775,2477.2379333212307,0,2475.8956861842867,2477.237169436982,0,0.0013001654883737501,7.638842484993802e-4,PASS
M6,2474.664824384485,2475.955536544343,0,2474.6638742065907,2475.9552075005604,0,9.501778945377737e-4,3.290437825853587e-4,PASS
